name,account
Gatehub Fifth,rcA8X3TVMST1n3CJeAdGk1RdRCHii7N2h
Ripple Fox,rKiCet8SdvWxPXnAgYarFUXMh1zCPz432Y
Bitso,rG6FZ31hDHN1K5Dkbma3PSB5uVCuVVRzfn
The Rock Trading,rLEsXccBGNR3UPuPu2hUXPjziKC3qKSBun
Payroutes,rNPRNzBB92BVpAhhZr4iXDTveCgV5Pofm9
RippleChina,razqQKzJRdB4UxFPWf5NEpEG3WMkmwgcXA
Coinex,rsP3mgGb2tcYUrxiLFiHJiQXhsziegtwBc
Ripple Singapore,r9Dr5xwkeLegBeXq6ujinjSBLQzQ1zQGjH
GBI,rrh7rf1gV2pXAoqA8oYbpHd8TKv5ZQeo67
Gatehub,rhub8VRN55s94qWKDv6jmDy1pUykJzF3wq
Dividend Rippler,rfYv1TXnwgDDK4WQNbFALykYuEBnrR4pDX
Ripula,rBycsjqxD8RVZP5zrrndiVtJwht7Z457A8
Bitstamp,rvYAfWj5gh67oV6fW32ZzP3Aw4Eubs59B
Rippex,rKxKhXZCeSDsbkyB8DVgxpjy5AHubFkMFe
RippleUnion,r3ADD8kXSUKHd6zTCKfnKT3zV9EZHjzp1S
DotPayco,rM8199qFwspxiWNZRChZdZbGN5WrCepVP1
Gatehub Fifth,rchGBxcD1A1C2tdxF6papQYZ8kjRKMYcL
BTC 2 Ripple,rMwjYedjc7qqtKYVLiAccJSmCwih4LnE2q
Ripple Exchange Tokyo,r9ZFPSb1TFdnJwbTMYHvVwFK1bQPUCVNfJ
Gatehub Fifth,rckzVpTnKpP4TJ1puQe827bV3X4oYtdTP
Digital Gate Japan,rJRi8WW24gt9X85PHAxfWNPCizMMhqUQwg
Ripple Trade Japan,rMAz5ZnK73nyNUL4foAvaxdreczCkG3vA6
TokyoJPY,r94s8px6kSw1uZ1MV98dhSRTvc6VMPoPcN
Lake BTC,rpDMez6pm6dBve2TJsmDpv7Yae6V5Pyvy2
WisePass,rPDXxSZcuVL3ZWoyU82bcde3zwvmShkRyF
Justcoin,rJHygWcTLVpSXkowott6kzgZU6viQSVYM1
Ripple LatAm,rP5ShE8dGBH6hHtNvRESdMceen36XFBQmh
EXRP,rPxU6acYni7FcXzPCMeaPSwKcuS2GTtNVN
Rippex,rfNZPxoZ5Uaamdp339U9dCLWz2T73nZJZH
Gatehub Fifth,rDAN8tzydyNfnNf2bfUQY6iR96UbpvNsze
Pax Moneta,rUkMKjQitpgAM5WTGk79xpjT38DEJY283d
Mr. Exchange,rB3gZey7VWHYRqJHLoHDEJXJ2pEPNieKiS
rippleCN,rnuF96W4SZoCJmbHYBFoJZpR8eCaxNvekK
BPG,rcoef87SYMJ58NAFx7fNM5frVknmvHsvJ
